<?xml version="1.0" encoding="UTF-8"?>
<project-private xmlns="http://www.netbeans.org/ns/project-private/1">
    <editor-bookmarks xmlns="http://www.netbeans.org/ns/editor-bookmarks/2" lastBookmarkId="0"/>
    <open-files xmlns="http://www.netbeans.org/ns/projectui-open-files/2">
        <group>
            <file>file:/C:/Users/Dell/Documents/NetBeansProjects/webbangiay/src/java/control/SignUpControll.java</file>
            <file>file:/C:/Users/Dell/Documents/NetBeansProjects/webbangiay/src/java/dao/DAO.java</file>
            <file>file:/C:/Users/Dell/Documents/NetBeansProjects/webbangiay/src/java/control/SearchControl.java</file>
            <file>file:/C:/Users/Dell/Documents/NetBeansProjects/webbangiay/src/java/entity/Order.java</file>
            <file>file:/C:/Users/Dell/Documents/NetBeansProjects/webbangiay/web/index_1.jsp</file>
            <file>file:/C:/Users/Dell/Documents/NetBeansProjects/webbangiay/web/ManagerOrder.jsp</file>
            <file>file:/C:/Users/Dell/Documents/NetBeansProjects/webbangiay/src/java/entity/Account.java</file>
            <file>file:/C:/Users/Dell/Documents/NetBeansProjects/webbangiay/web/index.jsp</file>
            <file>file:/C:/Users/Dell/Documents/NetBeansProjects/webbangiay/src/java/control/HomeControl.java</file>
            <file>file:/C:/Users/Dell/Documents/NetBeansProjects/webbangiay/src/java/entity/Product.java</file>
        </group>
    </open-files>
</project-private>
